clst_names,hit_ratios,k_solution
hr_cluster_z1,90.96045197740112,13
hr_cluster_z2,90.96045197740112,11
hr_cluster_z3,92.09039548022598,21
hr_cluster_z4,91.80790960451978,17
hr_cluster_m1,91.52542372881356,13
hr_cluster_m2,93.78531073446328,11
hr_cluster_m3,91.52542372881356,21
hr_cluster_m4,91.52542372881356,17
