clst_names,hit_ratios,k_solution
hr_cluster_z1,92.93785310734464,11
hr_cluster_z2,93.22033898305084,21
hr_cluster_z3,94.63276836158192,3
hr_cluster_z4,91.80790960451978,18
hr_cluster_m1,93.22033898305084,11
hr_cluster_m2,99.15254237288136,4
hr_cluster_m3,97.45762711864407,3
hr_cluster_m4,94.0677966101695,15
