clst_names,hit_ratios,k_solution
hr_cluster_z1,92.65536723163842,18
hr_cluster_z2,92.37288135593221,15
hr_cluster_z3,93.22033898305084,3
hr_cluster_z4,91.80790960451978,8
hr_cluster_m1,91.52542372881356,14
hr_cluster_m2,92.09039548022598,6
hr_cluster_m3,93.22033898305084,16
hr_cluster_m4,90.3954802259887,12
